0903686962;Sebastián Paredes;H;sOltero;1998-01-14;022522561;La vicentina;sebas.a@palms.com
0983686965;Sebastián;null;Casado;1925-01-14;012522565;La vicentina;sasd@.p.com
0903686968;GusTAvo;H;casadito;1924-01-14;032522565;La vicentina;asd@p.com
2903686968;Sebastián asd;Hytu6s;divorciado;1998-01-14;20522565;La vicentina;sant@palm.com
1705927240;Ricardo;H;divorsiado;1998-01-14;082522565;La vicentina;s-sd@p.com
1705927240;Ricardo Paredes;H;VIUDO;1998-01-14;2522565;La vicentina;s_asd@p.com
9999999999;;;;;;;
1705927240;María Zapanta;M;nULL;1998-01-14;2522565;La vicentina;s@p.com
1721256350;Sebastián asd;H;EN UNION DE HECHO;1998-01-14;2522565;La vicentina;s @p.com
1710689009;Sebastián asd;NUll; ;1998-01-14;2522565;La vicentina;sebas.a@p.com
1721256350asd;Sebastián 43;;nul;1998-01-14;2522565;La vicentina;sebas.a@p.com
0903686968ÑCS;Sebastián ret;I;jkl;1998-01-14;2522565;Lavicentina;sebas.a@p.com
K8932.0903686968ÑCS;ááBastián /try;Y;jkl;19u98-01-14;2522565;Lavicentina;sebas.a@.peer.com
1721256350/(asd;Sebastiñn yty;);jkl;1926-01-16;0998770476;La vicentina;sebas.a.@pasdas.com
1721256350;Sebastián &/(;M;jkl;1925-01-14;0998770474;La vicentina;sebas.a@p.com
1743141550;Yardley Macias;V;CHUSCD ACC;20/09/03;(824) 723-1674;Z9P 7XEHI1;est.mauris.rhoncus@nibhsit.edu
2377296917;Matthew Valenzuela;H;ICBUNU EIB;20/08/08;(900) 989-9421;I7B 5VVRJ8;parturient@Cras.ca
2192296668;Adrian Witt;D;UBSFHA LFR;20/08/19;(117) 324-8069;K6O 5YNXP7;justo@metus.edu
2290461141;Kevin Shaffer;C;SWCSBT YKN;20/04/23;(440) 440-4826;U6B 5DORE9;tristique.pharetra@eros.com
2114979496;Hayden Yates;N;AJLLYG ENF;20/09/03;(550) 473-4784;X0Y 9IZKW8;in.consequat@dolor.co.uk
1862325339;Boris Strickland;T;RFTWFO ZHJ;21/05/29;(234) 345-7791;H7K 8OKVR7;Aliquam.erat.volutpat@eratnonummyultricies.com
2191945218;Basil Rivers;I;NMMRGW ALN;20/11/24;(227) 909-6257;S0Z 6RETT5;ornare.In@convallisante.co.uk
1869210542;Lucian Juarez;G;LPAUUZ BIN;20/10/10;(854) 614-5370;B1B 9HFEU4;libero.Morbi@Pellentesqueut.org
2310760770;Eaton Molina;D;FUHSBE TNY;20/04/16;(870) 645-6432;G5M 3LTOE8;mi@sitametdapibus.org
2366154074;Leo Goodwin;H;PORJVE YGA;20/12/01;(724) 452-1220;T2I 6BVUA4;Duis.cursus@etultrices.ca
2285126077;Arsenio Valenzuela;B;MPOEOQ DOI;21/12/22;(464) 670-7517;E9A 3POSZ6;iaculis.aliquet@luctus.co.uk
1841990324;Joseph Blake;W;PWCIFH PUF;21/02/01;(860) 832-2549;A2M 9BILH8;dignissim.Maecenas.ornare@Sednunc.net
2253450477;Callum Kaufman;S;XIHBXC DHI;21/02/05;(368) 296-3465;O5R 3XTUU1;sagittis.augue.eu@magnaPhasellusdolor.com
2406360275;Edward Jackson;Z;ZOZPKG VLO;21/12/15;(645) 563-7875;U1M 4HMEV9;Proin.vel@Proin.edu
1803905794;Porter Edwards;F;JJESGS VDZ;20/11/28;(442) 899-2929;O5N 0MWLX7;enim.Curabitur.massa@ullamcorperDuiscursus.edu
2009657500;Vladimir Franks;S;PYITCK QAY;20/05/06;(730) 420-5713;O7W 0SSXT7;velit.Pellentesque@sit.co.uk
2446011674;Callum Juarez;Y;HYCCYZ BPM;20/12/24;(238) 309-4048;Q4K 7YTLO5;Duis@Fusce.edu
2440699465;Isaiah Acevedo;V;ZEHIQI MLN;20/10/31;(155) 810-8116;Y2U 7ESJW9;Proin.vel.arcu@id.net
2038875019;Chadwick Luna;D;IJJKDA CYA;21/10/16;(273) 666-3948;Y2S 7OJKK3;ornare.Fusce.mollis@Uttincidunt.co.uk
1747346036;Eaton Cooley;W;DVGSXK ALY;21/09/24;(710) 649-1399;V4U 7VJFK9;vitae.sodales.nisi@elementum.edu
2083769030;Nash Wilcox;G;QLRLHT FOA;20/07/17;(471) 772-7674;K7T 1MWOS2;nunc.In.at@sodalesatvelit.edu
2070035781;Xavier Kirby;U;KNWMHA LQC;21/12/26;(201) 466-5611;F3E 5SSYV8;a.tortor@sollicitudina.co.uk
2268831997;Barrett Walters;X;TVIZRL CFJ;21/04/21;(118) 960-9705;J2S 0SNNE0;vestibulum@velitAliquam.net
2089731661;Brody Palmer;J;EJIVQZ TOK;21/04/01;(284) 515-0581;Q1Q 7CEOE3;nonummy.Fusce.fermentum@ut.edu
1906149224;Josiah Waller;I;UFJHAZ AWF;20/08/18;(503) 406-8760;P9E 6MZWC0;vehicula@elitAliquam.ca
2250558099;Kyle Coffey;U;MPWZZG SFJ;20/02/29;(963) 372-6875;R9W 1AUDC6;faucibus.Morbi.vehicula@nuncest.net
2325201939;Christopher Blankenship;D;POXMSB MRQ;21/08/14;(180) 511-4739;L6N 2OSMX6;nunc.sed@urna.org
2029331286;Carlos Duncan;H;ILBJTT NCM;21/11/29;(623) 626-8273;W4U 6SNPI0;Suspendisse@loremacrisus.ca
2144075340;Chaim Dalton;Z;IFWWAN IMS;20/12/20;(202) 847-8027;W4A 4HKEZ9;tempus@vitae.ca
2263829133;Ahmed Espinoza;N;NRORKK DBW;20/11/09;(978) 441-9546;G1I 5JWLQ5;per.inceptos.hymenaeos@volutpatornare.edu
2091263570;Eric Odom;N;PEPDUC XUY;21/02/06;(328) 927-1873;L0V 2YNZR4;parturient.montes.nascetur@duiCumsociis.co.uk
1817884801;John Zamora;T;GXEZEK URN;21/03/04;(124) 127-3335;W5W 7KCIM2;lobortis@adipiscinglobortis.co.uk
2373908575;Jelani Blevins;E;FXYREW ZDD;21/04/13;(691) 387-0140;G5S 6ISJM5;ut.ipsum@fermentumvelmauris.com
2298961795;Otto Blair;C;TPMHDZ WDK;20/08/07;(788) 934-0601;F6D 1ZKHO7;ac.metus.vitae@Curabiturvel.co.uk
2337775521;Vincent Ryan;R;WTUALZ OEN;21/04/25;(879) 583-5789;L1L 1DZDC7;eleifend.nec@ac.edu
2050374292;Zephania Larson;D;VPASUZ BAC;21/11/11;(408) 989-4736;L7G 1GVEX1;eu.neque.pellentesque@erat.com
2205229472;Vernon Hyde;W;RLIYVU UOB;20/06/29;(274) 633-5387;K3V 3JEOZ1;urna.Vivamus@nonnisi.edu
2329610932;Cruz Alston;B;PKYROH WAX;20/11/11;(884) 679-0003;J2J 4YIXV7;fringilla.cursus.purus@amet.co.uk
2052189028;Ezekiel Aguirre;V;WVJLVA NVS;20/09/20;(731) 601-4297;T2E 0MYCK9;varius.et@ligula.org
2074875826;Nigel Hartman;S;WBFVZM FIW;21/06/26;(947) 414-9043;K6I 2XDUA5;mauris.Suspendisse@arcuet.ca
2051062136;Addison Mccullough;J;YOEDAS THY;21/02/25;(339) 420-5977;X2Z 6RCSI3;dolor.Fusce@nasceturridiculusmus.com
1824350303;Levi Riggs;X;ERCUFZ UYT;21/04/21;(185) 558-4846;J0S 8ERHF5;Donec.dignissim@ipsum.net
2213927729;Caldwell Valentine;A;KTNMPH SAS;21/04/20;(219) 637-6186;A4T 4PSYW0;Sed.eu@sem.co.uk
2320296042;Howard Savage;B;ENZKFU HNU;21/06/19;(224) 347-7977;I1K 3PHZZ8;Sed@mus.org
2004287248;Gary Norton;N;AJZZEK PDK;21/09/13;(323) 372-7737;D2O 3ZOFL7;sapien@Nulla.edu
2110477690;Vernon Berry;A;SKSGZE TDX;21/06/08;(963) 409-9775;F3N 0SGYZ1;eget@ipsum.net
2385799232;Garth Hull;N;TPGRJD IYN;21/04/26;(640) 550-4227;V2I 3IDKH8;dolor.dolor.tempus@aliquamiaculislacus.com
1930654033;Ronan Washington;I;JCDUKV FKO;20/10/28;(739) 318-2579;O3M 2MGCE6;Praesent.luctus.Curabitur@aultricies.com
2237149761;Ciaran Le;R;KKCPJG HFG;21/09/17;(508) 562-9745;P3D 6PEIP1;tellus.Aenean.egestas@Curabituregestas.net
1935622805;Holmes Ingram;Z;QZDYSV VRJ;20/11/14;(190) 676-6546;W7U 3CDSS7;Fusce@famesacturpis.co.uk
1776999699;Ahmed Solis;D;HFKTLY LCD;20/02/04;(523) 657-3858;I7H 0DNXL5;vulputate.mauris.sagittis@elitelit.edu
2162555111;Dalton Kidd;W;PIGHXQ KBZ;20/03/20;(816) 155-7823;V8Y 3POSB8;Donec.egestas.Aliquam@odioAliquam.edu
1969472396;Baker Kinney;M;WONXSQ NMF;20/10/18;(677) 458-2138;K5L 7JGRL4;in@etmagnis.ca
2064510331;Guy Fischer;U;FUEFQF JIE;20/02/28;(637) 232-5287;W9F 4XDDA1;Pellentesque.ut@loremeget.edu
2170687418;Sawyer Higgins;D;QZUXLL WLR;20/02/29;(206) 422-1989;R5A 5PLFA2;dictum.placerat@nequesedsem.ca
2380389580;Samson Stanley;U;IWHXRK VSY;21/08/13;(831) 358-6842;A3E 1TUGH1;vitae@risusvariusorci.edu
1949243071;Eaton Odom;H;WHLSXV KLT;21/07/16;(625) 676-8734;W5Q 8RTPG8;et@ac.net
2276559340;Caesar Cook;H;TOOEMX GBW;21/07/14;(983) 894-3571;W1J 2LZZL3;mauris.sit.amet@lorem.org
1946152693;Flynn Mcintyre;H;LGLFKG NSH;20/08/29;(647) 971-4191;X2C 1YKXV9;Quisque@nibhDonecest.ca
2234945718;Ira Bartlett;R;AJMRFF WHP;20/08/27;(901) 301-7921;V6J 5QNON2;natoque.penatibus.et@ac.com
2194286604;Timon Jefferson;F;FODOEY UIJ;20/04/10;(289) 815-9636;D0M 5FHPG2;nec.eleifend.non@risusNullaeget.com
2174505391;Hedley Daugherty;W;FCVOTW JAZ;20/12/29;(123) 602-6928;B6T 1EIPG1;natoque.penatibus.et@Phasellus.edu
1792650865;Hashim Ford;H;DOLFON HXR;20/07/14;(785) 344-6715;I3F 6AHHV1;Nunc@porttitoreros.net
2401132973;Anthony Miranda;R;CYANGC MPN;21/06/13;(301) 422-3775;T0E 4XJJL9;lacus.Quisque@et.org
1841199601;Colt Salazar;T;SOTNRE OTK;21/06/11;(151) 600-4232;E6H 5HUOT4;leo@AliquamnislNulla.co.uk
2256945438;Patrick Adams;P;TDEUSZ QJP;21/03/18;(700) 968-0546;U2N 2KIOE4;quis@Duisdignissimtempor.ca
2442833288;Bradley Chandler;M;FZISVP TFH;21/04/28;(935) 294-7104;K7U 3DRLX4;ornare.libero.at@sedleoCras.net
1837141827;Laith Franks;Z;UTFKKN FCP;21/02/25;(599) 572-5403;I1O 1ASRO8;Mauris.quis@eratvolutpat.edu
2291396252;Tarik Padilla;F;LALFFA RIC;21/12/26;(933) 958-6619;L1M 2IHTH4;ornare.libero@mattisvelitjusto.ca
1794371124;Nash Holloway;R;DXLKSM KBW;20/10/18;(793) 898-3370;C3H 5DKBM8;turpis@non.com
2159202838;Christopher Wright;C;YQORTE XDB;21/02/13;(719) 394-8517;D4C 8PURB3;fermentum@luctus.ca
1890984958;Rogan Guerra;I;PVXEXH HCM;21/06/18;(621) 296-5771;V1E 9REET0;Curabitur@dui.net
2098364306;Martin Richard;J;NJSDWU ZUO;21/12/24;(766) 672-8227;Y2U 2GHUI9;lacus.Quisque@ornareplacerat.co.uk
2089596856;Chancellor Hahn;R;FZXRXU VDR;21/05/13;(993) 447-3823;T9M 4FHYG6;felis@inlobortis.net
2224427789;Quentin Hobbs;X;WDAHLX LBU;20/02/05;(204) 641-9991;T5G 8BZTV5;in.molestie.tortor@parturient.co.uk
2066787692;Harrison Mejia;S;KGNYEH AKY;21/03/14;(958) 241-6616;H3T 4AIUX6;in.sodales.elit@montesnascetur.net
1881079850;Wayne Wood;N;GHDDSA PKJ;21/05/27;(550) 570-0543;K0D 8LKVO8;nunc.risus.varius@sit.edu
1772521593;Giacomo Solis;E;BQEALA DCP;20/10/29;(264) 214-1843;U2D 9BVOO3;tincidunt.pede@congueaaliquet.com
1872871926;Camden Steele;P;FROPTA TNW;20/12/30;(405) 320-9956;U6H 9PWYT2;natoque@tincidunt.ca
1816899305;Cadman Mccray;X;TJRYWL KJX;21/11/22;(996) 270-6710;O7S 5LMFH1;in.cursus@pretiumneque.ca
2202570271;Magee Morse;F;HKARXH VMH;20/05/22;(606) 649-5848;W9Z 0LZCG2;arcu@velitjustonec.co.uk
2119631742;Solomon Garrison;A;EYPAUQ LWM;20/03/09;(724) 858-1284;W1A 3BZLI9;euismod.urna@ipsumnonarcu.ca
2101417289;Zephania Nash;V;WPYZLK RMF;21/07/20;(468) 593-2127;I2Y 4JSFZ4;dolor.nonummy@mollisvitae.org
2419071138;Beau Curtis;D;HCEELB BAE;21/04/25;(488) 543-8916;E6B 7RQTC9;interdum.libero.dui@augueacipsum.ca
2125307039;Lionel Weeks;G;IYWPDP SHS;21/10/12;(832) 412-5249;R8W 5TYNX3;Ut@vestibulum.com
1855065057;Hilel Jefferson;O;ZDXSQY VUJ;21/05/30;(981) 206-1266;K7E 8ZMKI3;est.congue.a@orciluctuset.net
1857113092;Griffin Richard;D;TYCLSR KNV;21/11/16;(656) 447-9835;O4A 6IYRZ2;in@maurisut.co.uk
1900414791;Knox Cross;L;UHZPXC FJZ;21/06/08;(691) 898-5246;Y8I 0ZXBV1;tellus.non.magna@Sednuncest.ca
2249052266;Curran Hines;N;QFPCKQ VBA;20/10/30;(588) 807-6310;G7O 7SGQQ0;dolor@orci.net
1931444283;Kenneth Chen;B;ZZOBWK VOQ;20/05/02;(256) 621-0048;I6V 5BUXQ8;Nunc.commodo.auctor@Sedmolestie.ca
2387910549;Chadwick Oneill;E;HILBSR VCD;21/07/24;(952) 701-6166;T9U 3JABY6;Mauris@vulputatemaurissagittis.ca
1856289241;Ronan Taylor;J;HZYUCU LQK;21/09/11;(261) 554-2912;R9I 4XJVI8;bibendum@tellusAeneanegestas.org
1738037849;Prescott Graves;U;MWZNTN AWQ;20/09/15;(502) 551-0871;W1C 2IONP6;libero.et.tristique@velitSed.co.uk
1948888113;Travis Saunders;C;THHSKP ELE;21/06/14;(687) 325-9656;T3L 4QKXE6;amet.risus@nibh.co.uk
1823467636;Jack Kinney;M;VNHGYN LTT;21/09/17;(579) 115-1879;I9F 9DGCX7;ornare@ipsum.net
2284892578;Abraham Lopez;C;XROBGC LQZ;20/08/19;(521) 920-1906;S3Z 1BDAH8;molestie@atrisusNunc.co.uk
1886022583;Scott Castro;N;WCVDHF CHO;21/08/18;(467) 855-0247;T9I 7CUYJ8;a.dui@justo.co.uk
1906631810;Amery Grimes;F;DRPHEP NOZ;20/08/23;(748) 790-4455;D4W 0LNKL7;Donec.tempus.lorem@inceptos.com
2381258348;Ronan Estrada;T;NIBRRR VLZ;20/12/28;(265) 374-0623;Z8E 6UGMK9;Quisque.nonummy@Aeneanegestashendrerit.co.uk
2171275012;Emery English;X;XPMJCH HNS;20/03/31;(932) 863-5318;M7M 2IEEJ1;sapien@ipsum.org